"package","afmfile","fontfile","FullName","FamilyName","FontName","Bold","Italic","Symbol","afmsymfile"
NA,"ariblk.afm.gz","C:\Windows\Fonts\ariblk.ttf","Arial Black","Arial Black","Arial-Black",FALSE,FALSE,FALSE,NA
NA,"arialbi.afm.gz","C:\Windows\Fonts\arialbi.ttf","Arial Bold Italic","Arial","Arial-BoldItalicMT",TRUE,TRUE,FALSE,NA
NA,"arialbd.afm.gz","C:\Windows\Fonts\arialbd.ttf","Arial Bold","Arial","Arial-BoldMT",TRUE,FALSE,FALSE,NA
NA,"ariali.afm.gz","C:\Windows\Fonts\ariali.ttf","Arial Italic","Arial","Arial-ItalicMT",FALSE,TRUE,FALSE,NA
NA,"arial.afm.gz","C:\Windows\Fonts\arial.ttf","Arial","Arial","ArialMT",FALSE,FALSE,FALSE,NA
NA,"ARIALN.afm.gz","C:\Windows\Fonts\ARIALN.TTF","Arial Narrow","Arial Narrow","ArialNarrow",FALSE,FALSE,FALSE,NA
NA,"ARIALNB.afm.gz","C:\Windows\Fonts\ARIALNB.TTF","Arial Narrow Bold","Arial Narrow","ArialNarrow-Bold",TRUE,FALSE,FALSE,NA
NA,"ARIALNBI.afm.gz","C:\Windows\Fonts\ARIALNBI.TTF","Arial Narrow Bold Italic","Arial Narrow","ArialNarrow-BoldItalic",TRUE,TRUE,FALSE,NA
NA,"ARIALNI.afm.gz","C:\Windows\Fonts\ARIALNI.TTF","Arial Narrow Italic","Arial Narrow","ArialNarrow-Italic",FALSE,TRUE,FALSE,NA
NA,"bahnschrift.afm.gz","C:\Windows\Fonts\bahnschrift.ttf","Bahnschrift","Bahnschrift","Bahnschrift",FALSE,FALSE,FALSE,NA
NA,"BKANT.afm.gz","C:\Windows\Fonts\BKANT.TTF","Book Antiqua","Book Antiqua","BookAntiqua",FALSE,FALSE,FALSE,NA
NA,"ANTQUAB.afm.gz","C:\Windows\Fonts\ANTQUAB.TTF","Book Antiqua Bold","Book Antiqua","BookAntiqua-Bold",TRUE,FALSE,FALSE,NA
NA,"ANTQUABI.afm.gz","C:\Windows\Fonts\ANTQUABI.TTF","Book Antiqua Bold Italic","Book Antiqua","BookAntiqua-BoldItalic",TRUE,TRUE,FALSE,NA
NA,"ANTQUAI.afm.gz","C:\Windows\Fonts\ANTQUAI.TTF","Book Antiqua Italic","Book Antiqua","BookAntiqua-Italic",FALSE,TRUE,FALSE,NA
NA,"BOOKOS.afm.gz","C:\Windows\Fonts\BOOKOS.TTF","Bookman Old Style","Bookman Old Style","BookmanOldStyle",FALSE,FALSE,FALSE,NA
NA,"BOOKOSB.afm.gz","C:\Windows\Fonts\BOOKOSB.TTF","Bookman Old Style Bold","Bookman Old Style","BookmanOldStyle-Bold",TRUE,FALSE,FALSE,NA
NA,"BOOKOSBI.afm.gz","C:\Windows\Fonts\BOOKOSBI.TTF","Bookman Old Style Bold Italic","Bookman Old Style","BookmanOldStyle-BoldItalic",TRUE,TRUE,FALSE,NA
NA,"BOOKOSI.afm.gz","C:\Windows\Fonts\BOOKOSI.TTF","Bookman Old Style Italic","Bookman Old Style","BookmanOldStyle-Italic",FALSE,TRUE,FALSE,NA
NA,"BSSYM7.afm.gz","C:\Windows\Fonts\BSSYM7.TTF","Bookshelf Symbol 7","Bookshelf Symbol 7","BookshelfSymbolSeven",FALSE,FALSE,TRUE,NA
NA,"BRADHITC.afm.gz","C:\Windows\Fonts\BRADHITC.TTF","Bradley Hand ITC","Bradley Hand ITC","BradleyHandITC",FALSE,FALSE,FALSE,NA
NA,"calibri.afm.gz","C:\Windows\Fonts\calibri.ttf","Calibri","Calibri","Calibri",FALSE,FALSE,FALSE,NA
NA,"calibrib.afm.gz","C:\Windows\Fonts\calibrib.ttf","Calibri Bold","Calibri","Calibri-Bold",TRUE,FALSE,FALSE,NA
NA,"calibriz.afm.gz","C:\Windows\Fonts\calibriz.ttf","Calibri Bold Italic","Calibri","Calibri-BoldItalic",TRUE,TRUE,FALSE,NA
NA,"calibrii.afm.gz","C:\Windows\Fonts\calibrii.ttf","Calibri Italic","Calibri","Calibri-Italic",FALSE,TRUE,FALSE,NA
NA,"calibril.afm.gz","C:\Windows\Fonts\calibril.ttf","Calibri Light","Calibri Light","Calibri-Light",FALSE,FALSE,FALSE,NA
NA,"calibrili.afm.gz","C:\Windows\Fonts\calibrili.ttf","Calibri Light Italic","Calibri Light","Calibri-LightItalic",FALSE,TRUE,FALSE,NA
NA,"cambriab.afm.gz","C:\Windows\Fonts\cambriab.ttf","Cambria Bold","Cambria","Cambria-Bold",TRUE,FALSE,FALSE,NA
NA,"cambriaz.afm.gz","C:\Windows\Fonts\cambriaz.ttf","Cambria Bold Italic","Cambria","Cambria-BoldItalic",TRUE,TRUE,FALSE,NA
NA,"cambriai.afm.gz","C:\Windows\Fonts\cambriai.ttf","Cambria Italic","Cambria","Cambria-Italic",FALSE,TRUE,FALSE,NA
NA,"Candara.afm.gz","C:\Windows\Fonts\Candara.ttf","Candara","Candara","Candara",FALSE,FALSE,FALSE,NA
NA,"Candarab.afm.gz","C:\Windows\Fonts\Candarab.ttf","Candara Bold","Candara","Candara-Bold",TRUE,FALSE,FALSE,NA
NA,"Candaraz.afm.gz","C:\Windows\Fonts\Candaraz.ttf","Candara Bold Italic","Candara","Candara-BoldItalic",TRUE,TRUE,FALSE,NA
NA,"Candarai.afm.gz","C:\Windows\Fonts\Candarai.ttf","Candara Italic","Candara","Candara-Italic",FALSE,TRUE,FALSE,NA
NA,"Candaral.afm.gz","C:\Windows\Fonts\Candaral.ttf","Candara Light","Candara Light","Candara-Light",FALSE,FALSE,FALSE,NA
NA,"Candarali.afm.gz","C:\Windows\Fonts\Candarali.ttf","Candara Light Italic","Candara Light","Candara-LightItalic",FALSE,TRUE,FALSE,NA
NA,"CascadiaCode.afm.gz","C:\Windows\Fonts\CascadiaCode.ttf","Cascadia Code Regular","Cascadia Code","CascadiaCode-Roman",FALSE,FALSE,FALSE,NA
NA,"CascadiaMono.afm.gz","C:\Windows\Fonts\CascadiaMono.ttf","Cascadia Mono Regular","Cascadia Mono","CascadiaMono-Roman",FALSE,FALSE,FALSE,NA
NA,"CENTURY.afm.gz","C:\Windows\Fonts\CENTURY.TTF","Century","Century","Century",FALSE,FALSE,FALSE,NA
NA,"GOTHIC.afm.gz","C:\Windows\Fonts\GOTHIC.TTF","Century Gothic","Century Gothic","CenturyGothic",FALSE,FALSE,FALSE,NA
NA,"GOTHICB.afm.gz","C:\Windows\Fonts\GOTHICB.TTF","Century Gothic Bold","Century Gothic","CenturyGothic-Bold",TRUE,FALSE,FALSE,NA
NA,"GOTHICBI.afm.gz","C:\Windows\Fonts\GOTHICBI.TTF","Century Gothic Bold Italic","Century Gothic","CenturyGothic-BoldItalic",TRUE,TRUE,FALSE,NA
NA,"GOTHICI.afm.gz","C:\Windows\Fonts\GOTHICI.TTF","Century Gothic Italic","Century Gothic","CenturyGothic-Italic",FALSE,TRUE,FALSE,NA
NA,"comic.afm.gz","C:\Windows\Fonts\comic.ttf","Comic Sans MS","Comic Sans MS","ComicSansMS",FALSE,FALSE,FALSE,NA
NA,"comicbd.afm.gz","C:\Windows\Fonts\comicbd.ttf","Comic Sans MS Bold","Comic Sans MS","ComicSansMS-Bold",TRUE,FALSE,FALSE,NA
NA,"comicz.afm.gz","C:\Windows\Fonts\comicz.ttf","Comic Sans MS Bold Italic","Comic Sans MS","ComicSansMS-BoldItalic",TRUE,TRUE,FALSE,NA
NA,"comici.afm.gz","C:\Windows\Fonts\comici.ttf","Comic Sans MS Italic","Comic Sans MS","ComicSansMS-Italic",FALSE,TRUE,FALSE,NA
NA,"consola.afm.gz","C:\Windows\Fonts\consola.ttf","Consolas","Consolas","Consolas",FALSE,FALSE,FALSE,NA
NA,"consolab.afm.gz","C:\Windows\Fonts\consolab.ttf","Consolas Bold","Consolas","Consolas-Bold",TRUE,FALSE,FALSE,NA
NA,"consolaz.afm.gz","C:\Windows\Fonts\consolaz.ttf","Consolas Bold Italic","Consolas","Consolas-BoldItalic",TRUE,TRUE,FALSE,NA
NA,"consolai.afm.gz","C:\Windows\Fonts\consolai.ttf","Consolas Italic","Consolas","Consolas-Italic",FALSE,TRUE,FALSE,NA
NA,"constan.afm.gz","C:\Windows\Fonts\constan.ttf","Constantia","Constantia","Constantia",FALSE,FALSE,FALSE,NA
NA,"constanb.afm.gz","C:\Windows\Fonts\constanb.ttf","Constantia Bold","Constantia","Constantia-Bold",TRUE,FALSE,FALSE,NA
NA,"constanz.afm.gz","C:\Windows\Fonts\constanz.ttf","Constantia Bold Italic","Constantia","Constantia-BoldItalic",TRUE,TRUE,FALSE,NA
NA,"constani.afm.gz","C:\Windows\Fonts\constani.ttf","Constantia Italic","Constantia","Constantia-Italic",FALSE,TRUE,FALSE,NA
NA,"corbel.afm.gz","C:\Windows\Fonts\corbel.ttf","Corbel","Corbel","Corbel",FALSE,FALSE,FALSE,NA
NA,"corbelb.afm.gz","C:\Windows\Fonts\corbelb.ttf","Corbel Bold","Corbel","Corbel-Bold",TRUE,FALSE,FALSE,NA
NA,"corbelz.afm.gz","C:\Windows\Fonts\corbelz.ttf","Corbel Bold Italic","Corbel","Corbel-BoldItalic",TRUE,TRUE,FALSE,NA
NA,"corbeli.afm.gz","C:\Windows\Fonts\corbeli.ttf","Corbel Italic","Corbel","Corbel-Italic",FALSE,TRUE,FALSE,NA
NA,"corbell.afm.gz","C:\Windows\Fonts\corbell.ttf","Corbel Light","Corbel Light","CorbelLight",FALSE,FALSE,FALSE,NA
NA,"corbelli.afm.gz","C:\Windows\Fonts\corbelli.ttf","Corbel Light Italic","Corbel Light","CorbelLight-Italic",FALSE,TRUE,FALSE,NA
NA,"CON_____.afm.gz","C:\Windows\Fonts\CON_____.ttf","Courant","Courant","Courant",FALSE,FALSE,FALSE,NA
NA,"COB_____.afm.gz","C:\Windows\Fonts\COB_____.ttf","Courant Bold","Courant","Courant-Bold",TRUE,FALSE,FALSE,NA
NA,"COBO____.afm.gz","C:\Windows\Fonts\COBO____.ttf","Courant Bold Italic","Courant","Courant-BoldItalic",TRUE,TRUE,FALSE,NA
NA,"COO_____.afm.gz","C:\Windows\Fonts\COO_____.ttf","Courant Italic","Courant","Courant-Italic",FALSE,TRUE,FALSE,NA
NA,"courbi.afm.gz","C:\Windows\Fonts\courbi.ttf","Courier New Bold Italic","Courier New","CourierNewPS-BoldItalicMT",TRUE,TRUE,FALSE,NA
NA,"courbd.afm.gz","C:\Windows\Fonts\courbd.ttf","Courier New Bold","Courier New","CourierNewPS-BoldMT",TRUE,FALSE,FALSE,NA
NA,"couri.afm.gz","C:\Windows\Fonts\couri.ttf","Courier New Italic","Courier New","CourierNewPS-ItalicMT",FALSE,TRUE,FALSE,NA
NA,"cour.afm.gz","C:\Windows\Fonts\cour.ttf","Courier New","Courier New","CourierNewPSMT",FALSE,FALSE,FALSE,NA
NA,"DejaVuSans.afm.gz","C:\Windows\Fonts\DejaVuSans.ttf","DejaVu Sans","DejaVu Sans","DejaVuSans",FALSE,FALSE,FALSE,NA
NA,"DejaVuSans-Bold.afm.gz","C:\Windows\Fonts\DejaVuSans-Bold.ttf","DejaVu Sans Bold","DejaVu Sans","DejaVuSans-Bold",TRUE,FALSE,FALSE,NA
NA,"DejaVuSans-BoldOblique.afm.gz","C:\Windows\Fonts\DejaVuSans-BoldOblique.ttf","DejaVu Sans Bold Oblique","DejaVu Sans","DejaVuSans-BoldOblique",TRUE,TRUE,FALSE,NA
NA,"DejaVuSans-ExtraLight.afm.gz","C:\Windows\Fonts\DejaVuSans-ExtraLight.ttf","DejaVu Sans ExtraLight","DejaVu Sans Light","DejaVuSans-ExtraLight",FALSE,FALSE,FALSE,NA
NA,"DejaVuSans-Oblique.afm.gz","C:\Windows\Fonts\DejaVuSans-Oblique.ttf","DejaVu Sans Oblique","DejaVu Sans","DejaVuSans-Oblique",FALSE,TRUE,FALSE,NA
NA,"DejaVuSansCondensed.afm.gz","C:\Windows\Fonts\DejaVuSansCondensed.ttf","DejaVu Sans Condensed","DejaVu Sans Condensed","DejaVuSansCondensed",FALSE,FALSE,FALSE,NA
NA,"DejaVuSansCondensed-Bold.afm.gz","C:\Windows\Fonts\DejaVuSansCondensed-Bold.ttf","DejaVu Sans Condensed Bold","DejaVu Sans Condensed","DejaVuSansCondensed-Bold",TRUE,FALSE,FALSE,NA
NA,"DejaVuSansCondensed-BoldOblique.afm.gz","C:\Windows\Fonts\DejaVuSansCondensed-BoldOblique.ttf","DejaVu Sans Condensed Bold Oblique","DejaVu Sans Condensed","DejaVuSansCondensed-BoldOblique",TRUE,TRUE,FALSE,NA
NA,"DejaVuSansCondensed-Oblique.afm.gz","C:\Windows\Fonts\DejaVuSansCondensed-Oblique.ttf","DejaVu Sans Condensed Oblique","DejaVu Sans Condensed","DejaVuSansCondensed-Oblique",FALSE,TRUE,FALSE,NA
NA,"DejaVuSansMono.afm.gz","C:\Windows\Fonts\DejaVuSansMono.ttf","DejaVu Sans Mono","DejaVu Sans Mono","DejaVuSansMono",FALSE,FALSE,FALSE,NA
NA,"DejaVuSansMono-Bold.afm.gz","C:\Windows\Fonts\DejaVuSansMono-Bold.ttf","DejaVu Sans Mono Bold","DejaVu Sans Mono","DejaVuSansMono-Bold",TRUE,FALSE,FALSE,NA
NA,"DejaVuSansMono-BoldOblique.afm.gz","C:\Windows\Fonts\DejaVuSansMono-BoldOblique.ttf","DejaVu Sans Mono Bold Oblique","DejaVu Sans Mono","DejaVuSansMono-BoldOblique",TRUE,TRUE,FALSE,NA
NA,"DejaVuSansMono-Oblique.afm.gz","C:\Windows\Fonts\DejaVuSansMono-Oblique.ttf","DejaVu Sans Mono Oblique","DejaVu Sans Mono","DejaVuSansMono-Oblique",FALSE,TRUE,FALSE,NA
NA,"DejaVuSerif.afm.gz","C:\Windows\Fonts\DejaVuSerif.ttf","DejaVu Serif","DejaVu Serif","DejaVuSerif",FALSE,FALSE,FALSE,NA
NA,"DejaVuSerif-Bold.afm.gz","C:\Windows\Fonts\DejaVuSerif-Bold.ttf","DejaVu Serif Bold","DejaVu Serif","DejaVuSerif-Bold",TRUE,FALSE,FALSE,NA
NA,"DejaVuSerif-BoldItalic.afm.gz","C:\Windows\Fonts\DejaVuSerif-BoldItalic.ttf","DejaVu Serif Bold Italic","DejaVu Serif","DejaVuSerif-BoldItalic",TRUE,TRUE,FALSE,NA
NA,"DejaVuSerif-Italic.afm.gz","C:\Windows\Fonts\DejaVuSerif-Italic.ttf","DejaVu Serif Italic","DejaVu Serif","DejaVuSerif-Italic",FALSE,TRUE,FALSE,NA
NA,"DejaVuSerifCondensed.afm.gz","C:\Windows\Fonts\DejaVuSerifCondensed.ttf","DejaVu Serif Condensed","DejaVu Serif Condensed","DejaVuSerifCondensed",FALSE,FALSE,FALSE,NA
NA,"DejaVuSerifCondensed-Bold.afm.gz","C:\Windows\Fonts\DejaVuSerifCondensed-Bold.ttf","DejaVu Serif Condensed Bold","DejaVu Serif Condensed","DejaVuSerifCondensed-Bold",TRUE,FALSE,FALSE,NA
NA,"DejaVuSerifCondensed-BoldItalic.afm.gz","C:\Windows\Fonts\DejaVuSerifCondensed-BoldItalic.ttf","DejaVu Serif Condensed Bold Italic","DejaVu Serif Condensed","DejaVuSerifCondensed-BoldItalic",TRUE,TRUE,FALSE,NA
NA,"DejaVuSerifCondensed-Italic.afm.gz","C:\Windows\Fonts\DejaVuSerifCondensed-Italic.ttf","DejaVu Serif Condensed Italic","DejaVu Serif Condensed","DejaVuSerifCondensed-Italic",FALSE,TRUE,FALSE,NA
NA,"DUBAI-BOLD.afm.gz","C:\Windows\Fonts\DUBAI-BOLD.TTF","Dubai Bold","Dubai","Dubai-Bold",TRUE,FALSE,FALSE,NA
NA,"DUBAI-LIGHT.afm.gz","C:\Windows\Fonts\DUBAI-LIGHT.TTF","Dubai Light","Dubai Light","Dubai-Light",FALSE,FALSE,FALSE,NA
NA,"DUBAI-MEDIUM.afm.gz","C:\Windows\Fonts\DUBAI-MEDIUM.TTF","Dubai Medium","Dubai Medium","Dubai-Medium",FALSE,FALSE,FALSE,NA
NA,"DUBAI-REGULAR.afm.gz","C:\Windows\Fonts\DUBAI-REGULAR.TTF","Dubai Regular","Dubai","Dubai-Regular",FALSE,FALSE,FALSE,NA
NA,"ebrima.afm.gz","C:\Windows\Fonts\ebrima.ttf","Ebrima","Ebrima","Ebrima",FALSE,FALSE,FALSE,NA
NA,"ebrimabd.afm.gz","C:\Windows\Fonts\ebrimabd.ttf","Ebrima Bold","Ebrima","Ebrima-Bold",TRUE,FALSE,FALSE,NA
NA,"ESSTIX8_.afm.gz","C:\Windows\Fonts\ESSTIX8_.TTF","ESSTIXEight","ESSTIXEight","ESSTIXEight",FALSE,FALSE,FALSE,NA
NA,"ESSTIX11.afm.gz","C:\Windows\Fonts\ESSTIX11.TTF","ESSTIXEleven","ESSTIXEleven","ESSTIXEleven",FALSE,FALSE,FALSE,NA
NA,"ESSTIX15.afm.gz","C:\Windows\Fonts\ESSTIX15.TTF","ESSTIXFifteen","ESSTIXFifteen","ESSTIXFifteen",FALSE,FALSE,FALSE,NA
NA,"ESSTIX5_.afm.gz","C:\Windows\Fonts\ESSTIX5_.TTF","ESSTIXFive","ESSTIXFive","ESSTIXFive",FALSE,FALSE,FALSE,NA
NA,"ESSTIX4_.afm.gz","C:\Windows\Fonts\ESSTIX4_.TTF","ESSTIXFour","ESSTIXFour","ESSTIXFour",FALSE,FALSE,FALSE,NA
NA,"ESSTIX14.afm.gz","C:\Windows\Fonts\ESSTIX14.TTF","ESSTIXFourteen","ESSTIXFourteen","ESSTIXFourteen",FALSE,FALSE,FALSE,NA
NA,"ESSTIX9_.afm.gz","C:\Windows\Fonts\ESSTIX9_.TTF","ESSTIXNine","ESSTIXNine","ESSTIXNine",FALSE,FALSE,FALSE,NA
NA,"ESSTIX1_.afm.gz","C:\Windows\Fonts\ESSTIX1_.TTF","ESSTIXOne","ESSTIXOne","ESSTIXOne",FALSE,FALSE,FALSE,NA
NA,"ESSTIX7_.afm.gz","C:\Windows\Fonts\ESSTIX7_.TTF","ESSTIXSeven","ESSTIXSeven","ESSTIXSeven",FALSE,FALSE,FALSE,NA
NA,"ESSTIX17.afm.gz","C:\Windows\Fonts\ESSTIX17.TTF","ESSTIXSeventeen","ESSTIXSeventeen","ESSTIXSeventeen",FALSE,FALSE,FALSE,NA
NA,"ESSTIX6_.afm.gz","C:\Windows\Fonts\ESSTIX6_.TTF","ESSTIXSix","ESSTIXSix","ESSTIXSix",FALSE,FALSE,FALSE,NA
NA,"ESSTIX16.afm.gz","C:\Windows\Fonts\ESSTIX16.TTF","ESSTIXSixteen","ESSTIXSixteen","ESSTIXSixteen",FALSE,FALSE,FALSE,NA
NA,"ESSTIX10.afm.gz","C:\Windows\Fonts\ESSTIX10.TTF","ESSTIXTen","ESSTIXTen","ESSTIXTen",FALSE,FALSE,FALSE,NA
NA,"ESSTIX13.afm.gz","C:\Windows\Fonts\ESSTIX13.TTF","ESSTIXThirteen","ESSTIXThirteen","ESSTIXThirteen",FALSE,FALSE,FALSE,NA
NA,"ESSTIX3_.afm.gz","C:\Windows\Fonts\ESSTIX3_.TTF","ESSTIXThree","ESSTIXThree","ESSTIXThree",FALSE,FALSE,FALSE,NA
NA,"ESSTIX12.afm.gz","C:\Windows\Fonts\ESSTIX12.TTF","ESSTIXTwelve","ESSTIXTwelve","ESSTIXTwelve",FALSE,FALSE,FALSE,NA
NA,"ESSTIX2_.afm.gz","C:\Windows\Fonts\ESSTIX2_.TTF","ESSTIXTwo","ESSTIXTwo","ESSTIXTwo",FALSE,FALSE,FALSE,NA
NA,"framd.afm.gz","C:\Windows\Fonts\framd.ttf","Franklin Gothic Medium","Franklin Gothic Medium","FranklinGothic-Medium",FALSE,FALSE,FALSE,NA
NA,"framdit.afm.gz","C:\Windows\Fonts\framdit.ttf","Franklin Gothic Medium Italic","Franklin Gothic Medium","FranklinGothic-MediumItalic",FALSE,TRUE,FALSE,NA
NA,"FREESCPT.afm.gz","C:\Windows\Fonts\FREESCPT.TTF","Freestyle Script","Freestyle Script","FreestyleScript-Regular",FALSE,FALSE,FALSE,NA
NA,"FRSCRIPT.afm.gz","C:\Windows\Fonts\FRSCRIPT.TTF","French Script MT","French Script MT","FrenchScriptMT",FALSE,FALSE,FALSE,NA
NA,"Gabriola.afm.gz","C:\Windows\Fonts\Gabriola.ttf","Gabriola","Gabriola","Gabriola",FALSE,FALSE,FALSE,NA
NA,"gadugi.afm.gz","C:\Windows\Fonts\gadugi.ttf","Gadugi","Gadugi","Gadugi",FALSE,FALSE,FALSE,NA
NA,"gadugib.afm.gz","C:\Windows\Fonts\gadugib.ttf","Gadugi Bold","Gadugi","Gadugi-Bold",TRUE,FALSE,FALSE,NA
NA,"GARA.afm.gz","C:\Windows\Fonts\GARA.TTF","Garamond","Garamond","Garamond",FALSE,FALSE,FALSE,NA
NA,"GARABD.afm.gz","C:\Windows\Fonts\GARABD.TTF","Garamond Bold","Garamond","Garamond-Bold",TRUE,FALSE,FALSE,NA
NA,"GARAIT.afm.gz","C:\Windows\Fonts\GARAIT.TTF","Garamond Italic","Garamond","Garamond-Italic",FALSE,TRUE,FALSE,NA
NA,"georgia.afm.gz","C:\Windows\Fonts\georgia.ttf","Georgia","Georgia","Georgia",FALSE,FALSE,FALSE,NA
NA,"georgiab.afm.gz","C:\Windows\Fonts\georgiab.ttf","Georgia Bold","Georgia","Georgia-Bold",TRUE,FALSE,FALSE,NA
NA,"georgiaz.afm.gz","C:\Windows\Fonts\georgiaz.ttf","Georgia Bold Italic","Georgia","Georgia-BoldItalic",TRUE,TRUE,FALSE,NA
NA,"georgiai.afm.gz","C:\Windows\Fonts\georgiai.ttf","Georgia Italic","Georgia","Georgia-Italic",FALSE,TRUE,FALSE,NA
NA,"HATTEN.afm.gz","C:\Windows\Fonts\HATTEN.TTF","Haettenschweiler","Haettenschweiler","Haettenschweiler",FALSE,FALSE,FALSE,NA
NA,"HEN_____.afm.gz","C:\Windows\Fonts\HEN_____.ttf","Helonia","Helonia","Helonia",FALSE,FALSE,FALSE,NA
NA,"HEB_____.afm.gz","C:\Windows\Fonts\HEB_____.ttf","Helonia Bold","Helonia","Helonia-Bold",TRUE,FALSE,FALSE,NA
NA,"HEBO____.afm.gz","C:\Windows\Fonts\HEBO____.ttf","Helonia Bold Italic","Helonia","Helonia-BoldItalic",TRUE,TRUE,FALSE,NA
NA,"HEO_____.afm.gz","C:\Windows\Fonts\HEO_____.ttf","Helonia Italic","Helonia","Helonia-Italic",FALSE,TRUE,FALSE,NA
NA,"impact.afm.gz","C:\Windows\Fonts\impact.ttf","Impact","Impact","Impact",FALSE,FALSE,FALSE,NA
NA,"Inkfree.afm.gz","C:\Windows\Fonts\Inkfree.ttf","Ink Free","Ink Free","InkFree",FALSE,FALSE,FALSE,NA
NA,"javatext.afm.gz","C:\Windows\Fonts\javatext.ttf","Javanese Text","Javanese Text","JavaneseText",FALSE,FALSE,FALSE,NA
NA,"JUICE___.afm.gz","C:\Windows\Fonts\JUICE___.TTF","Juice ITC","Juice ITC","JuiceITC-Regular",FALSE,FALSE,FALSE,NA
NA,"ITCKRIST.afm.gz","C:\Windows\Fonts\ITCKRIST.TTF","Kristen ITC","Kristen ITC","KristenITC-Regular",FALSE,FALSE,FALSE,NA
NA,"LeelawUI.afm.gz","C:\Windows\Fonts\LeelawUI.ttf","Leelawadee UI","Leelawadee UI","LeelawadeeUI",FALSE,FALSE,FALSE,NA
NA,"LeelaUIb.afm.gz","C:\Windows\Fonts\LeelaUIb.ttf","Leelawadee UI Bold","Leelawadee UI","LeelawadeeUI-Bold",TRUE,FALSE,FALSE,NA
NA,"LeelUIsl.afm.gz","C:\Windows\Fonts\LeelUIsl.ttf","Leelawadee UI Semilight","Leelawadee UI Semilight","LeelawadeeUI-Semilight",FALSE,FALSE,FALSE,NA
NA,"lucon.afm.gz","C:\Windows\Fonts\lucon.ttf","Lucida Console","Lucida Console","LucidaConsole",FALSE,FALSE,FALSE,NA
NA,"LHANDW.afm.gz","C:\Windows\Fonts\LHANDW.TTF","Lucida Handwriting Italic","Lucida Handwriting","LucidaHandwriting-Italic",FALSE,TRUE,FALSE,NA
NA,"l_10646.afm.gz","C:\Windows\Fonts\l_10646.ttf","Lucida Sans Unicode","Lucida Sans Unicode","LucidaSansUnicode",FALSE,FALSE,FALSE,NA
NA,"malgun.afm.gz","C:\Windows\Fonts\malgun.ttf","Malgun Gothic","Malgun Gothic","MalgunGothic",FALSE,FALSE,FALSE,NA
NA,"malgunsl.afm.gz","C:\Windows\Fonts\malgunsl.ttf","Malgun Gothic Semilight","Malgun Gothic Semilight","MalgunGothic-Semilight",FALSE,FALSE,FALSE,NA
NA,"malgunbd.afm.gz","C:\Windows\Fonts\malgunbd.ttf","Malgun Gothic Bold","Malgun Gothic","MalgunGothicBold",TRUE,FALSE,FALSE,NA
NA,"MaplePi.afm.gz","C:\Windows\Fonts\MaplePi.ttf","MaplePi","MaplePi","MaplePi",FALSE,FALSE,FALSE,NA
NA,"MP______.afm.gz","C:\Windows\Fonts\MaplePi.ttf","MaplePi","MaplePi","MaplePi",FALSE,FALSE,FALSE,NA
NA,"MaplePi.afm.gz","C:\Windows\Fonts\MP______.ttf","MaplePi","MaplePi","MaplePi",FALSE,FALSE,FALSE,NA
NA,"MP______.afm.gz","C:\Windows\Fonts\MP______.ttf","MaplePi","MaplePi","MaplePi",FALSE,FALSE,FALSE,NA
NA,"marlett.afm.gz","C:\Windows\Fonts\marlett.ttf","Marlett","Marlett","Marlett",FALSE,FALSE,FALSE,NA
NA,"himalaya.afm.gz","C:\Windows\Fonts\himalaya.ttf","Microsoft Himalaya","Microsoft Himalaya","Microsoft-Himalaya",FALSE,FALSE,FALSE,NA
NA,"msyi.afm.gz","C:\Windows\Fonts\msyi.ttf","Microsoft Yi Baiti","Microsoft Yi Baiti","Microsoft-Yi-Baiti",FALSE,FALSE,FALSE,NA
NA,"ntailu.afm.gz","C:\Windows\Fonts\ntailu.ttf","Microsoft New Tai Lue","Microsoft New Tai Lue","MicrosoftNewTaiLue",FALSE,FALSE,FALSE,NA
NA,"ntailub.afm.gz","C:\Windows\Fonts\ntailub.ttf","Microsoft New Tai Lue Bold","Microsoft New Tai Lue","MicrosoftNewTaiLue-Bold",TRUE,FALSE,FALSE,NA
NA,"phagspa.afm.gz","C:\Windows\Fonts\phagspa.ttf","Microsoft PhagsPa","Microsoft PhagsPa","MicrosoftPhagsPa",FALSE,FALSE,FALSE,NA
NA,"phagspab.afm.gz","C:\Windows\Fonts\phagspab.ttf","Microsoft PhagsPa Bold","Microsoft PhagsPa","MicrosoftPhagsPa-Bold",TRUE,FALSE,FALSE,NA
NA,"micross.afm.gz","C:\Windows\Fonts\micross.ttf","Microsoft Sans Serif","Microsoft Sans Serif","MicrosoftSansSerif",FALSE,FALSE,FALSE,NA
NA,"taile.afm.gz","C:\Windows\Fonts\taile.ttf","Microsoft Tai Le","Microsoft Tai Le","MicrosoftTaiLe",FALSE,FALSE,FALSE,NA
NA,"taileb.afm.gz","C:\Windows\Fonts\taileb.ttf","Microsoft Tai Le Bold","Microsoft Tai Le","MicrosoftTaiLe-Bold",TRUE,FALSE,FALSE,NA
NA,"MISTRAL.afm.gz","C:\Windows\Fonts\MISTRAL.TTF","Mistral","Mistral","Mistral",FALSE,FALSE,FALSE,NA
NA,"monbaiti.afm.gz","C:\Windows\Fonts\monbaiti.ttf","Mongolian Baiti","Mongolian Baiti","MongolianBaiti",FALSE,FALSE,FALSE,NA
NA,"MTCORSVA.afm.gz","C:\Windows\Fonts\MTCORSVA.TTF","Monotype Corsiva","Monotype Corsiva","MonotypeCorsiva",FALSE,FALSE,FALSE,NA
NA,"OUTLOOK.afm.gz","C:\Windows\Fonts\OUTLOOK.TTF","MS Outlook","MS Outlook","MSOutlook",FALSE,FALSE,FALSE,NA
NA,"REFSAN.afm.gz","C:\Windows\Fonts\REFSAN.TTF","MS Reference Sans Serif","MS Reference Sans Serif","MSReferenceSansSerif",FALSE,FALSE,FALSE,NA
NA,"REFSPCL.afm.gz","C:\Windows\Fonts\REFSPCL.TTF","MS Reference Specialty","MS Reference Specialty","MSReferenceSpecialty",FALSE,FALSE,FALSE,NA
NA,"MTEXTRA.afm.gz","C:\Windows\Fonts\MTEXTRA.TTF","MT Extra","MT Extra","MT-Extra",FALSE,FALSE,FALSE,NA
NA,"mvboli.afm.gz","C:\Windows\Fonts\mvboli.ttf","MV Boli","MV Boli","MVBoli",FALSE,FALSE,FALSE,NA
NA,"mmrtext.afm.gz","C:\Windows\Fonts\mmrtext.ttf","Myanmar Text","Myanmar Text","MyanmarText",FALSE,FALSE,FALSE,NA
NA,"mmrtextb.afm.gz","C:\Windows\Fonts\mmrtextb.ttf","Myanmar Text Bold","Myanmar Text","MyanmarText-Bold",TRUE,FALSE,FALSE,NA
NA,"palab.afm.gz","C:\Windows\Fonts\palab.ttf","Palatino Linotype Bold","Palatino Linotype","PalatinoLinotype-Bold",TRUE,FALSE,FALSE,NA
NA,"palabi.afm.gz","C:\Windows\Fonts\palabi.ttf","Palatino Linotype Bold Italic","Palatino Linotype","PalatinoLinotype-BoldItalic",TRUE,TRUE,FALSE,NA
NA,"palai.afm.gz","C:\Windows\Fonts\palai.ttf","Palatino Linotype Italic","Palatino Linotype","PalatinoLinotype-Italic",FALSE,TRUE,FALSE,NA
NA,"pala.afm.gz","C:\Windows\Fonts\pala.ttf","Palatino Linotype","Palatino Linotype","PalatinoLinotype-Roman",FALSE,FALSE,FALSE,NA
NA,"PAPYRUS.afm.gz","C:\Windows\Fonts\PAPYRUS.TTF","Papyrus","Papyrus","Papyrus-Regular",FALSE,FALSE,FALSE,NA
NA,"PRISTINA.afm.gz","C:\Windows\Fonts\PRISTINA.TTF","Pristina","Pristina","Pristina-Regular",FALSE,FALSE,FALSE,NA
NA,"SansSerifCollection.afm.gz","C:\Windows\Fonts\SansSerifCollection.ttf","Sans Serif Collection","Sans Serif Collection","SansSerifCollection",FALSE,FALSE,FALSE,NA
NA,"SegoeIcons.afm.gz","C:\Windows\Fonts\SegoeIcons.ttf","Segoe Fluent Icons","Segoe Fluent Icons","SegoeFluentIcons",FALSE,FALSE,FALSE,NA
NA,"segmdl2.afm.gz","C:\Windows\Fonts\segmdl2.ttf","Segoe MDL2 Assets","Segoe MDL2 Assets","SegoeMDL2Assets",FALSE,FALSE,FALSE,NA
NA,"segoepr.afm.gz","C:\Windows\Fonts\segoepr.ttf","Segoe Print","Segoe Print","SegoePrint",FALSE,FALSE,FALSE,NA
NA,"segoeprb.afm.gz","C:\Windows\Fonts\segoeprb.ttf","Segoe Print Bold","Segoe Print","SegoePrint-Bold",TRUE,FALSE,FALSE,NA
NA,"segoesc.afm.gz","C:\Windows\Fonts\segoesc.ttf","Segoe Script","Segoe Script","SegoeScript",FALSE,FALSE,FALSE,NA
NA,"segoescb.afm.gz","C:\Windows\Fonts\segoescb.ttf","Segoe Script Bold","Segoe Script","SegoeScript-Bold",TRUE,FALSE,FALSE,NA
NA,"segoeui.afm.gz","C:\Windows\Fonts\segoeui.ttf","Segoe UI","Segoe UI","SegoeUI",FALSE,FALSE,FALSE,NA
NA,"segoeuib.afm.gz","C:\Windows\Fonts\segoeuib.ttf","Segoe UI Bold","Segoe UI","SegoeUI-Bold",TRUE,FALSE,FALSE,NA
NA,"segoeuiz.afm.gz","C:\Windows\Fonts\segoeuiz.ttf","Segoe UI Bold Italic","Segoe UI","SegoeUI-BoldItalic",TRUE,TRUE,FALSE,NA
NA,"segoeuii.afm.gz","C:\Windows\Fonts\segoeuii.ttf","Segoe UI Italic","Segoe UI","SegoeUI-Italic",FALSE,TRUE,FALSE,NA
NA,"segoeuil.afm.gz","C:\Windows\Fonts\segoeuil.ttf","Segoe UI Light","Segoe UI Light","SegoeUI-Light",FALSE,FALSE,FALSE,NA
NA,"seguili.afm.gz","C:\Windows\Fonts\seguili.ttf","Segoe UI Light Italic","Segoe UI Light","SegoeUI-LightItalic",FALSE,TRUE,FALSE,NA
NA,"seguisb.afm.gz","C:\Windows\Fonts\seguisb.ttf","Segoe UI Semibold","Segoe UI Semibold","SegoeUI-Semibold",FALSE,FALSE,FALSE,NA
NA,"seguisbi.afm.gz","C:\Windows\Fonts\seguisbi.ttf","Segoe UI Semibold Italic","Segoe UI Semibold","SegoeUI-SemiboldItalic",FALSE,TRUE,FALSE,NA
NA,"segoeuisl.afm.gz","C:\Windows\Fonts\segoeuisl.ttf","Segoe UI Semilight","Segoe UI Semilight","SegoeUI-Semilight",FALSE,FALSE,FALSE,NA
NA,"seguisli.afm.gz","C:\Windows\Fonts\seguisli.ttf","Segoe UI Semilight Italic","Segoe UI Semilight","SegoeUI-SemilightItalic",FALSE,TRUE,FALSE,NA
NA,"seguibl.afm.gz","C:\Windows\Fonts\seguibl.ttf","Segoe UI Black","Segoe UI Black","SegoeUIBlack",FALSE,FALSE,FALSE,NA
NA,"seguibli.afm.gz","C:\Windows\Fonts\seguibli.ttf","Segoe UI Black Italic","Segoe UI Black","SegoeUIBlack-Italic",FALSE,TRUE,FALSE,NA
NA,"seguiemj.afm.gz","C:\Windows\Fonts\seguiemj.ttf","Segoe UI Emoji","Segoe UI Emoji","SegoeUIEmoji",FALSE,FALSE,FALSE,NA
NA,"seguihis.afm.gz","C:\Windows\Fonts\seguihis.ttf","Segoe UI Historic","Segoe UI Historic","SegoeUIHistoric",FALSE,FALSE,FALSE,NA
NA,"seguisym.afm.gz","C:\Windows\Fonts\seguisym.ttf","Segoe UI Symbol","Segoe UI Symbol","SegoeUISymbol",FALSE,FALSE,TRUE,NA
NA,"SegUIVar.afm.gz","C:\Windows\Fonts\SegUIVar.ttf","Segoe UI Variable","Segoe UI Variable","SegoeUIVariable",FALSE,FALSE,FALSE,NA
NA,"simsunb.afm.gz","C:\Windows\Fonts\simsunb.ttf","SimSun-ExtB","SimSun-ExtB","SimSun-ExtB",FALSE,FALSE,FALSE,NA
NA,"SimsunExtG.afm.gz","C:\Windows\Fonts\SimsunExtG.ttf","SimSun-ExtG","SimSun-ExtG","SimSun-ExtG",FALSE,FALSE,FALSE,NA
NA,"SitkaVF.afm.gz","C:\Windows\Fonts\SitkaVF.ttf","Sitka Text","Sitka Text","SitkaText",FALSE,FALSE,FALSE,NA
NA,"SitkaVF-Italic.afm.gz","C:\Windows\Fonts\SitkaVF-Italic.ttf","Sitka Text Italic","Sitka Text","SitkaTextItalic",FALSE,TRUE,FALSE,NA
NA,"sylfaen.afm.gz","C:\Windows\Fonts\sylfaen.ttf","Sylfaen","Sylfaen","Sylfaen",FALSE,FALSE,FALSE,NA
NA,"symbol.afm.gz","C:\Windows\Fonts\symbol.ttf","Symbol","Symbol","SymbolMT",FALSE,FALSE,TRUE,NA
NA,"SYP_____.afm.gz","C:\Windows\Fonts\SYP_____.ttf","SymbolPi-Normal","SymbolPi","SymbolPi-Normal",FALSE,FALSE,TRUE,NA
NA,"tahoma.afm.gz","C:\Windows\Fonts\tahoma.ttf","Tahoma","Tahoma","Tahoma",FALSE,FALSE,FALSE,NA
NA,"tahomabd.afm.gz","C:\Windows\Fonts\tahomabd.ttf","Tahoma Bold","Tahoma","Tahoma-Bold",TRUE,FALSE,FALSE,NA
NA,"TEMPSITC.afm.gz","C:\Windows\Fonts\TEMPSITC.TTF","Tempus Sans ITC","Tempus Sans ITC","TempusSansITC",FALSE,FALSE,FALSE,NA
NA,"THR_____.afm.gz","C:\Windows\Fonts\THR_____.ttf","Thames","Thames","Thames",FALSE,FALSE,FALSE,NA
NA,"THB_____.afm.gz","C:\Windows\Fonts\THB_____.ttf","Thames Bold","Thames","Thames-Bold",TRUE,FALSE,FALSE,NA
NA,"THBI____.afm.gz","C:\Windows\Fonts\THBI____.ttf","Thames Bold Italic","Thames","Thames-BoldItalic",TRUE,TRUE,FALSE,NA
NA,"THI_____.afm.gz","C:\Windows\Fonts\THI_____.ttf","Thames Italic","Thames","Thames-Italic",FALSE,TRUE,FALSE,NA
NA,"timesbi.afm.gz","C:\Windows\Fonts\timesbi.ttf","Times New Roman Bold Italic","Times New Roman","TimesNewRomanPS-BoldItalicMT",TRUE,TRUE,FALSE,NA
NA,"timesbd.afm.gz","C:\Windows\Fonts\timesbd.ttf","Times New Roman Bold","Times New Roman","TimesNewRomanPS-BoldMT",TRUE,FALSE,FALSE,NA
NA,"timesi.afm.gz","C:\Windows\Fonts\timesi.ttf","Times New Roman Italic","Times New Roman","TimesNewRomanPS-ItalicMT",FALSE,TRUE,FALSE,NA
NA,"times.afm.gz","C:\Windows\Fonts\times.ttf","Times New Roman","Times New Roman","TimesNewRomanPSMT",FALSE,FALSE,FALSE,NA
NA,"trebucbi.afm.gz","C:\Windows\Fonts\trebucbi.ttf","Trebuchet MS Bold Italic","Trebuchet MS","Trebuchet-BoldItalic",TRUE,TRUE,FALSE,NA
NA,"trebuc.afm.gz","C:\Windows\Fonts\trebuc.ttf","Trebuchet MS","Trebuchet MS","TrebuchetMS",FALSE,FALSE,FALSE,NA
NA,"trebucbd.afm.gz","C:\Windows\Fonts\trebucbd.ttf","Trebuchet MS Bold","Trebuchet MS","TrebuchetMS-Bold",TRUE,FALSE,FALSE,NA
NA,"trebucit.afm.gz","C:\Windows\Fonts\trebucit.ttf","Trebuchet MS Italic","Trebuchet MS","TrebuchetMS-Italic",FALSE,TRUE,FALSE,NA
NA,"UbuntuMono[wght].afm.gz","C:\Users\Admin\AppData\Local\Microsoft\Windows\Fonts\UbuntuMono[wght].ttf","Ubuntu Mono Regular","Ubuntu Mono","UbuntuMono-Regular",FALSE,FALSE,FALSE,NA
NA,"verdana.afm.gz","C:\Windows\Fonts\verdana.ttf","Verdana","Verdana","Verdana",FALSE,FALSE,FALSE,NA
NA,"verdanab.afm.gz","C:\Windows\Fonts\verdanab.ttf","Verdana Bold","Verdana","Verdana-Bold",TRUE,FALSE,FALSE,NA
NA,"verdanaz.afm.gz","C:\Windows\Fonts\verdanaz.ttf","Verdana Bold Italic","Verdana","Verdana-BoldItalic",TRUE,TRUE,FALSE,NA
NA,"verdanai.afm.gz","C:\Windows\Fonts\verdanai.ttf","Verdana Italic","Verdana","Verdana-Italic",FALSE,TRUE,FALSE,NA
NA,"webdings.afm.gz","C:\Windows\Fonts\webdings.ttf","Webdings","Webdings","Webdings",FALSE,FALSE,FALSE,NA
NA,"wingding.afm.gz","C:\Windows\Fonts\wingding.ttf","Wingdings","Wingdings","Wingdings-Regular",FALSE,FALSE,FALSE,NA
NA,"WINGDNG2.afm.gz","C:\Windows\Fonts\WINGDNG2.TTF","Wingdings 2","Wingdings 2","Wingdings2",FALSE,FALSE,FALSE,NA
NA,"WINGDNG3.afm.gz","C:\Windows\Fonts\WINGDNG3.TTF","Wingdings 3","Wingdings 3","Wingdings3",FALSE,FALSE,FALSE,NA
NA,"ZWAdobeF.afm.gz","C:\Windows\Fonts\ZWAdobeF.TTF","ZWAdobeF","ZWAdobeF","ZWAdobeF",FALSE,FALSE,FALSE,NA
